{
  "name" : "m_Autism_Ins_Upd_2-1590796076568",
  "sourceOrgId" : "eudmImgUJEVlR8wgdp2Kug",
  "sourceOrgName" : "AIS",
  "exportedObjects" : [ {
    "objectGuid" : "3cSQf7QIUwhbZzKVj6XRsj",
    "objectName" : "Sheena1",
    "objectType" : "Connection",
    "path" : "/SYS",
    "metadata" : {
      "modelVersion" : {
        "major" : 0,
        "minor" : 0
      },
      "repoInfo" : {
        "repoHandle" : "010A390B000000000002"
      },
      "objectRefs" : [ "4eu6pr012mmc68TIhNYnIN" ],
      "contextAttributes" : [ {
        "name" : "id",
        "value" : "@1"
      } ],
      "additionalInfo" : {
        "description" : null,
        "contentType" : "JSON",
        "documentState" : "COMPLETE"
      }
    }
  }, {
    "objectGuid" : "8j6wEteh8OphUk49ZTl9wK",
    "objectName" : "Default",
    "objectType" : "Project",
    "path" : "/Explore",
    "metadata" : {
      "modelVersion" : {
        "major" : 0,
        "minor" : 0
      },
      "repoInfo" : null,
      "objectRefs" : [ ],
      "contextAttributes" : [ {
        "name" : "IS_DEF_LOC",
        "value" : "true"
      } ],
      "additionalInfo" : {
        "description" : "Auto-generated Default Project",
        "contentType" : null,
        "documentState" : "COMPLETE"
      }
    }
  }, {
    "objectGuid" : "8SjzYqlwtbJd9oLKm9gTG2",
    "objectName" : "m_Autism_Ins_Upd_2",
    "objectType" : "DTEMPLATE",
    "path" : "/Explore/Default",
    "metadata" : {
      "modelVersion" : {
        "major" : 0,
        "minor" : 0
      },
      "repoInfo" : {
        "repoHandle" : "010A3917000000000005"
      },
      "objectRefs" : [ "3cSQf7QIUwhbZzKVj6XRsj" ],
      "contextAttributes" : [ {
        "name" : "id",
        "value" : "@1"
      } ],
      "additionalInfo" : {
        "description" : "",
        "contentType" : "JSON",
        "documentState" : "VALID"
      }
    }
  }, {
    "objectGuid" : "4eu6pr012mmc68TIhNYnIN",
    "objectName" : "Informatica Cloud Hosted Agent",
    "objectType" : "AgentGroup",
    "path" : "/SYS",
    "metadata" : {
      "modelVersion" : {
        "major" : 0,
        "minor" : 0
      },
      "repoInfo" : {
        "repoHandle" : "025000000000002"
      },
      "objectRefs" : [ ],
      "contextAttributes" : null,
      "additionalInfo" : {
        "description" : "",
        "contentType" : "JSON",
        "documentState" : "VALID"
      }
    }
  } ]
}